https://tableconvert.com/excel-to-sql,,,,,,
,,,,,,
users,,,,,,
email,password_hash,name,friend_ids,savings_goal,,
 michael.yj.zhao@gmail.com , pbkdf2:sha256:260000$2RXR7ssqOh8HHsFA$a51e5dfa4c3ff976ca26fc785b65efec79b196e03364b1ba75fba0fcdccfa03e , Michael  Zhao ,[2],1100,,
 johnsmith@example.com     , pbkdf2:sha256:260000$RZyGA6GZYZcAmy2Q$8ca49a18e53a66ce366b08f7e1d33b7ae7d234996daa6468b8aa99e012dede17 , John Smith    ,[1],1000,,
,,,,,,
transactions,,,,,,
date,user_id,transaction_type,description,amount,category,type
1/2/2023,1,Income,Work salary,2000,Work,Income
3/2/2023,1,Income,Dividends,500,Investment,Income
8/2/2023,1,Income,Work salary,2000,Work,Salary
11/2/2023,1,Expense,Drinks at Manchuria,100,Eating out,Splurg
21/2/2023,1,Expense,Dinner at Farmers Daughter,150,Eating out,Splurg
3/3/2023,1,Expense,Netflix,15,Entertainment,Splurg
3/3/2023,2,Income,Work salary,1500,Work,Salary
13/3/2023,2,Income,Work salary,1500,Work,Salary
13/3/2023,2,Expense,Uber eats,35,Eating out,Splurg
23/3/2023,2,Expense,Gym membership,27,Health,Essentials
,,,,,,
,,,,,,
friends,,,,,,
user_id,friend_id,,,,,
1,2,,,,,
2,1,,,,,